date,team1,team2,predicted_winner,actual_winner,team1_probability,team2_probability,raw_confidence,adjusted_confidence,implied_odds,correct
2025/04/10,Team Heretics,Team Vitality,Team Vitality,Team Heretics,0.3347230382305001,0.6652769617694999,0.9999999967227795,0.6652769617694999,1.4430080329951565,False
2025/02/08,Team Heretics,Team Liquid,Team Liquid,Team Liquid,0.32639390764712833,0.6736060923528717,0.9999999967960636,0.6736060923528717,1.4251652574084788,True
2025/02/07,Team Heretics,Team Vitality,Team Vitality,Team Vitality,0.3347230382305001,0.6652769617694999,0.9999999967227795,0.6652769617694999,1.4430080329951565,True
2025/01/29,Team Heretics,BBL Esports,BBL Esports,Team Heretics,0.295255117095425,0.7047448829045749,0.9999999979201988,0.7047448829045749,1.3621950627628574,False
2024/08/24,Team Heretics,LEVIATÁN,LEVIATÁN,Team Heretics,0.33414241522929833,0.6658575847707017,0.9999999976418374,0.6658575847707017,1.4417497404202293,False
2024/08/23,Team Heretics,Sentinels,Sentinels,Team Heretics,0.34051768899196555,0.6594823110080344,0.999999963441617,0.6594823110080344,1.4556872625326631,False
2024/08/17,Team Heretics,LEVIATÁN,LEVIATÁN,LEVIATÁN,0.33414241522929833,0.6658575847707017,0.9999999976418374,0.6658575847707017,1.4417497404202293,True
2024/08/15,Team Heretics,FNATIC,FNATIC,Team Heretics,0.33371449074425863,0.6662855092557414,0.999999997211259,0.6662855092557414,1.4408237709872238,False
2024/07/19,Team Heretics,Team Vitality,Team Vitality,Team Vitality,0.3347230382305001,0.6652769617694999,0.9999999967227795,0.6652769617694999,1.4430080329951565,True
2024/07/17,Team Heretics,FUT Esports,FUT Esports,Team Heretics,0.3457140028481785,0.6542859971518216,0.9999999898616672,0.6542859971518216,1.4672482739642676,False
2024/07/16,Team Heretics,Team Vitality,Team Vitality,Team Vitality,0.3347230382305001,0.6652769617694999,0.9999999967227795,0.6652769617694999,1.4430080329951565,True
2024/06/26,Team Heretics,FUT Esports,FUT Esports,Team Heretics,0.3457140028481785,0.6542859971518216,0.9999999898616672,0.6542859971518216,1.4672482739642676,False
2024/06/08,Team Heretics,G2 Esports,G2 Esports,Team Heretics,0.2664571640412278,0.7335428359587722,0.999999888692507,0.7335428359587722,1.308717027745542,False
2024/06/07,Team Heretics,100 Thieves,100 Thieves,Team Heretics,0.3137515855473286,0.6862484144526714,0.999999992665304,0.6862484144526714,1.3989103359395936,False
2024/06/03,Team Heretics,FUT Esports,FUT Esports,Team Heretics,0.3457140028481785,0.6542859971518216,0.9999999898616672,0.6542859971518216,1.4672482739642676,False
2024/06/02,Team Heretics,G2 Esports,G2 Esports,G2 Esports,0.2664571640412278,0.7335428359587722,0.999999888692507,0.7335428359587722,1.308717027745542,True
2024/05/25,Team Heretics,G2 Esports,G2 Esports,G2 Esports,0.2664571640412278,0.7335428359587722,0.999999888692507,0.7335428359587722,1.308717027745542,True
2024/05/12,Team Heretics,FNATIC,FNATIC,FNATIC,0.33371449074425863,0.6662855092557414,0.999999997211259,0.6662855092557414,1.4408237709872238,True
2024/05/10,Team Heretics,FNATIC,FNATIC,Team Heretics,0.33371449074425863,0.6662855092557414,0.999999997211259,0.6662855092557414,1.4408237709872238,False
2024/05/09,Team Heretics,FUT Esports,FUT Esports,Team Heretics,0.3457140028481785,0.6542859971518216,0.9999999898616672,0.6542859971518216,1.4672482739642676,False
2024/04/24,Team Heretics,Team Liquid,Team Liquid,Team Heretics,0.32639390764712833,0.6736060923528717,0.9999999967960636,0.6736060923528717,1.4251652574084788,False
2024/04/18,Team Heretics,BBL Esports,BBL Esports,BBL Esports,0.295255117095425,0.7047448829045749,0.9999999979201988,0.7047448829045749,1.3621950627628574,True
2024/04/10,Team Heretics,Team Vitality,Team Vitality,Team Vitality,0.3347230382305001,0.6652769617694999,0.9999999967227795,0.6652769617694999,1.4430080329951565,True
2024/04/04,Team Heretics,FNATIC,FNATIC,Team Heretics,0.33371449074425863,0.6662855092557414,0.999999997211259,0.6662855092557414,1.4408237709872238,False
2024/03/15,Team Heretics,Sentinels,Sentinels,Sentinels,0.34051768899196555,0.6594823110080344,0.999999963441617,0.6594823110080344,1.4556872625326631,True
2024/02/20,Team Heretics,FUT Esports,FUT Esports,Team Heretics,0.3457140028481785,0.6542859971518216,0.9999999898616672,0.6542859971518216,1.4672482739642676,False
2023/10/14,Team Heretics,FUT Esports,FUT Esports,FUT Esports,0.3457140028481785,0.6542859971518216,0.9999999898616672,0.6542859971518216,1.4672482739642676,True
2025/04/04,FNATIC,Team Vitality,Team Vitality,FNATIC,0.33481718477670047,0.6651828152232994,0.9999999558242969,0.6651828152232994,1.4432122689124667,False
2025/01/31,FNATIC,FUT Esports,FUT Esports,FUT Esports,0.323182771498048,0.6768172285019519,0.9999999035049782,0.6768172285019519,1.4184036096788446,True
2025/01/17,FNATIC,BBL Esports,BBL Esports,BBL Esports,0.343527998602263,0.656472001397737,0.9999999659309253,0.656472001397737,1.4623624434187625,True
2024/12/15,FNATIC,LEVIATÁN,LEVIATÁN,LEVIATÁN,0.29232969162979794,0.707670308370202,0.9999999858655357,0.707670308370202,1.3565639092742567,True
2024/11/22,FNATIC,G2 Esports,G2 Esports,G2 Esports,0.3245573764340584,0.6754426235659415,0.9999998084467165,0.6754426235659415,1.421290227335317,True
2024/08/18,FNATIC,Sentinels,Sentinels,Sentinels,0.3350448939477256,0.6649551060522744,0.9999998172440172,0.6649551060522744,1.4437064867421756,True
2024/08/16,FNATIC,G2 Esports,G2 Esports,FNATIC,0.3245573764340584,0.6754426235659415,0.9999998084467165,0.6754426235659415,1.421290227335317,False
2024/08/15,FNATIC,Team Heretics,Team Heretics,Team Heretics,0.3276182727955628,0.6723817272044372,0.9999999127453094,0.6723817272044372,1.427760394369124,True
2024/07/20,FNATIC,Team Vitality,Team Vitality,FNATIC,0.33481718477670047,0.6651828152232994,0.9999999558242969,0.6651828152232994,1.4432122689124667,False
2024/07/17,FNATIC,Team Vitality,Team Vitality,FNATIC,0.33481718477670047,0.6651828152232994,0.9999999558242969,0.6651828152232994,1.4432122689124667,False
2024/07/16,FNATIC,FUT Esports,FUT Esports,FNATIC,0.323182771498048,0.6768172285019519,0.9999999035049782,0.6768172285019519,1.4184036096788446,False
2024/07/10,FNATIC,Team Liquid,Team Liquid,FNATIC,0.2820794440631486,0.7179205559368514,0.999999917945928,0.7179205559368514,1.3371953095106,False
2024/06/26,FNATIC,Team Vitality,Team Vitality,FNATIC,0.33481718477670047,0.6651828152232994,0.9999999558242969,0.6651828152232994,1.4432122689124667,False
2024/06/19,FNATIC,BBL Esports,BBL Esports,FNATIC,0.343527998602263,0.656472001397737,0.9999999659309253,0.656472001397737,1.4623624434187625,False
2024/06/01,FNATIC,FUT Esports,FUT Esports,FUT Esports,0.323182771498048,0.6768172285019519,0.9999999035049782,0.6768172285019519,1.4184036096788446,True
2024/05/12,FNATIC,Team Heretics,Team Heretics,FNATIC,0.3276182727955628,0.6723817272044372,0.9999999127453094,0.6723817272044372,1.427760394369124,False
2024/05/11,FNATIC,FUT Esports,FUT Esports,FNATIC,0.323182771498048,0.6768172285019519,0.9999999035049782,0.6768172285019519,1.4184036096788446,False
2024/05/10,FNATIC,Team Heretics,Team Heretics,Team Heretics,0.3276182727955628,0.6723817272044372,0.9999999127453094,0.6723817272044372,1.427760394369124,True
2024/05/08,FNATIC,Team Liquid,Team Liquid,FNATIC,0.2820794440631486,0.7179205559368514,0.999999917945928,0.7179205559368514,1.3371953095106,False
2024/04/25,FNATIC,FUT Esports,FUT Esports,FUT Esports,0.323182771498048,0.6768172285019519,0.9999999035049782,0.6768172285019519,1.4184036096788446,True
2024/04/04,FNATIC,Team Heretics,Team Heretics,Team Heretics,0.3276182727955628,0.6723817272044372,0.9999999127453094,0.6723817272044372,1.427760394369124,True
2024/02/23,FNATIC,Team Vitality,Team Vitality,FNATIC,0.33481718477670047,0.6651828152232994,0.9999999558242969,0.6651828152232994,1.4432122689124667,False
2023/08/18,FNATIC,FUT Esports,FUT Esports,FNATIC,0.323182771498048,0.6768172285019519,0.9999999035049782,0.6768172285019519,1.4184036096788446,False
2023/06/24,FNATIC,Evil Geniuses,Evil Geniuses,FNATIC,0.2985114533289279,0.7014885466710722,0.9999999165602489,0.7014885466710722,1.3685184235091208,False
2023/06/20,FNATIC,Evil Geniuses,Evil Geniuses,FNATIC,0.2985114533289279,0.7014885466710722,0.9999999165602489,0.7014885466710722,1.3685184235091208,False
2023/06/16,FNATIC,NRG Esports,NRG Esports,FNATIC,0.3347580354304916,0.6652419645695083,0.9999998827703891,0.6652419645695083,1.4430839470886891,False
2025/03/03,BBL PCIFIC,CGN Esports,CGN Esports,BBL PCIFIC,0.3159988163457005,0.6840011836542995,0.9999999381623255,0.6840011836542995,1.4035063431778982,False
2024/10/27,BBL PCIFIC,FUT Esports,FUT Esports,FUT Esports,0.3240911285651345,0.6759088714348654,0.9999999814635689,0.6759088714348654,1.4203098088682378,True
2025/04/05,MOUZ,CGN Esports,CGN Esports,MOUZ,0.334393192193858,0.665606807806142,0.9999996990198099,0.665606807806142,1.442292940428578,False
2025/01/25,MOUZ,CGN Esports,CGN Esports,MOUZ,0.334393192193858,0.665606807806142,0.9999996990198099,0.665606807806142,1.442292940428578,False
2024/12/15,MOUZ,Eintracht Frankfurt,Eintracht Frankfurt,MOUZ,0.3062902064869732,0.6937097935130268,0.9999855845944694,0.6937097935130268,1.3838639860314623,False
2024/12/14,MOUZ,Eintracht Frankfurt,Eintracht Frankfurt,Eintracht Frankfurt,0.3062902064869732,0.6937097935130268,0.9999855845944694,0.6937097935130268,1.3838639860314623,True
2024/07/20,MOUZ,CGN Esports,CGN Esports,MOUZ,0.334393192193858,0.665606807806142,0.9999996990198099,0.665606807806142,1.442292940428578,False
2024/07/07,MOUZ,Eintracht Frankfurt,Eintracht Frankfurt,MOUZ,0.3062902064869732,0.6937097935130268,0.9999855845944694,0.6937097935130268,1.3838639860314623,False
2024/07/06,MOUZ,Eintracht Frankfurt,Eintracht Frankfurt,Eintracht Frankfurt,0.3062902064869732,0.6937097935130268,0.9999855845944694,0.6937097935130268,1.3838639860314623,True
2024/06/23,MOUZ,Eintracht Frankfurt,Eintracht Frankfurt,Eintracht Frankfurt,0.3062902064869732,0.6937097935130268,0.9999855845944694,0.6937097935130268,1.3838639860314623,True
2024/05/21,MOUZ,CGN Esports,CGN Esports,CGN Esports,0.334393192193858,0.665606807806142,0.9999996990198099,0.665606807806142,1.442292940428578,True
2024/05/04,MOUZ,CGN Esports,CGN Esports,CGN Esports,0.334393192193858,0.665606807806142,0.9999996990198099,0.665606807806142,1.442292940428578,True
2024/04/20,MOUZ,CGN Esports,CGN Esports,MOUZ,0.334393192193858,0.665606807806142,0.9999996990198099,0.665606807806142,1.442292940428578,False
2024/02/17,MOUZ,CGN Esports,CGN Esports,MOUZ,0.334393192193858,0.665606807806142,0.9999996990198099,0.665606807806142,1.442292940428578,False
2024/02/11,MOUZ,Eintracht Frankfurt,Eintracht Frankfurt,MOUZ,0.3062902064869732,0.6937097935130268,0.9999855845944694,0.6937097935130268,1.3838639860314623,False
2023/11/18,MOUZ,CGN Esports,CGN Esports,MOUZ,0.334393192193858,0.665606807806142,0.9999996990198099,0.665606807806142,1.442292940428578,False
2023/10/02,MOUZ,CGN Esports,CGN Esports,MOUZ,0.334393192193858,0.665606807806142,0.9999996990198099,0.665606807806142,1.442292940428578,False
2023/06/10,MOUZ,CGN Esports,CGN Esports,CGN Esports,0.334393192193858,0.665606807806142,0.9999996990198099,0.665606807806142,1.442292940428578,True
2025/04/10,Team Vitality,Team Heretics,Team Heretics,Team Heretics,0.3223487281445827,0.6776512718554172,0.9999996995930474,0.6776512718554172,1.416657859095444,True
2025/04/04,Team Vitality,FNATIC,FNATIC,FNATIC,0.31837109653552914,0.6816289034644708,0.9999996377613058,0.6816289034644708,1.4083909809585107,True
2025/02/27,Team Vitality,G2 Esports,G2 Esports,G2 Esports,0.33566868969885516,0.6643313103011448,0.9999992556295183,0.6643313103011448,1.4450621024693644,True
2025/02/09,Team Vitality,Team Liquid,Team Liquid,Team Vitality,0.31621289292692245,0.6837871070730775,0.9999998280086828,0.6837871070730775,1.403945745788101,False
2025/02/07,Team Vitality,Team Heretics,Team Heretics,Team Vitality,0.3223487281445827,0.6776512718554172,0.9999996995930474,0.6776512718554172,1.416657859095444,False
2025/01/29,Team Vitality,FUT Esports,FUT Esports,Team Vitality,0.35106406364595644,0.6489359363540435,0.9999995694817301,0.6489359363540435,1.4793447954102015,False
2024/08/11,Team Vitality,LEVIATÁN,LEVIATÁN,LEVIATÁN,0.3022690319356141,0.6977309680643858,0.999999948769954,0.6977309680643858,1.3758884784248422,True
2024/07/20,Team Vitality,FNATIC,FNATIC,FNATIC,0.31837109653552914,0.6816289034644708,0.9999996377613058,0.6816289034644708,1.4083909809585107,True
2024/07/19,Team Vitality,Team Heretics,Team Heretics,Team Vitality,0.3223487281445827,0.6776512718554172,0.9999996995930474,0.6776512718554172,1.416657859095444,False
2024/07/17,Team Vitality,FNATIC,FNATIC,FNATIC,0.31837109653552914,0.6816289034644708,0.9999996377613058,0.6816289034644708,1.4083909809585107,True
2024/07/16,Team Vitality,Team Heretics,Team Heretics,Team Vitality,0.3223487281445827,0.6776512718554172,0.9999996995930474,0.6776512718554172,1.416657859095444,False
2024/07/05,Team Vitality,BBL Esports,BBL Esports,Team Vitality,0.32974906691144534,0.6702509330885547,0.9999998623593314,0.6702509330885547,1.432299386106432,False
2024/06/26,Team Vitality,FNATIC,FNATIC,FNATIC,0.31837109653552914,0.6816289034644708,0.9999996377613058,0.6816289034644708,1.4083909809585107,True
2024/06/20,Team Vitality,Team Liquid,Team Liquid,Team Vitality,0.31621289292692245,0.6837871070730775,0.9999998280086828,0.6837871070730775,1.403945745788101,False
2024/04/18,Team Vitality,FUT Esports,FUT Esports,Team Vitality,0.35106406364595644,0.6489359363540435,0.9999995694817301,0.6489359363540435,1.4793447954102015,False
2024/04/10,Team Vitality,Team Heretics,Team Heretics,Team Vitality,0.3223487281445827,0.6776512718554172,0.9999996995930474,0.6776512718554172,1.416657859095444,False
2024/02/23,Team Vitality,FNATIC,FNATIC,FNATIC,0.31837109653552914,0.6816289034644708,0.9999996377613058,0.6816289034644708,1.4083909809585107,True
2023/12/17,Team Vitality,FUT Esports,FUT Esports,FUT Esports,0.35106406364595644,0.6489359363540435,0.9999995694817301,0.6489359363540435,1.4793447954102015,True
2025/04/13,CGN Esports,Eintracht Frankfurt,Eintracht Frankfurt,Eintracht Frankfurt,0.332313413759447,0.667686586240553,0.9996141689189244,0.667686586240553,1.4378003389364673,True
2025/04/05,CGN Esports,MOUZ,MOUZ,MOUZ,0.34596127341516775,0.6540387265848322,0.9999999988349938,0.6540387265848322,1.4678029923591736,True
2025/03/03,CGN Esports,BBL PCIFIC,BBL PCIFIC,BBL PCIFIC,0.36443208324596316,0.6355679167540368,0.9999206036591204,0.6355679167540368,1.5104601328885479,True
2025/02/15,CGN Esports,Eintracht Frankfurt,Eintracht Frankfurt,CGN Esports,0.332313413759447,0.667686586240553,0.9996141689189244,0.667686586240553,1.4378003389364673,False
2025/01/25,CGN Esports,MOUZ,MOUZ,MOUZ,0.34596127341516775,0.6540387265848322,0.9999999988349938,0.6540387265848322,1.4678029923591736,True
2024/07/20,CGN Esports,MOUZ,MOUZ,MOUZ,0.34596127341516775,0.6540387265848322,0.9999999988349938,0.6540387265848322,1.4678029923591736,True
2024/07/05,CGN Esports,Eintracht Frankfurt,Eintracht Frankfurt,CGN Esports,0.332313413759447,0.667686586240553,0.9996141689189244,0.667686586240553,1.4378003389364673,False
2024/06/11,CGN Esports,Eintracht Frankfurt,Eintracht Frankfurt,CGN Esports,0.332313413759447,0.667686586240553,0.9996141689189244,0.667686586240553,1.4378003389364673,False
2024/05/21,CGN Esports,MOUZ,MOUZ,CGN Esports,0.34596127341516775,0.6540387265848322,0.9999999988349938,0.6540387265848322,1.4678029923591736,False
2024/05/04,CGN Esports,MOUZ,MOUZ,CGN Esports,0.34596127341516775,0.6540387265848322,0.9999999988349938,0.6540387265848322,1.4678029923591736,False
2024/04/20,CGN Esports,MOUZ,MOUZ,MOUZ,0.34596127341516775,0.6540387265848322,0.9999999988349938,0.6540387265848322,1.4678029923591736,True
2024/03/02,CGN Esports,Eintracht Frankfurt,Eintracht Frankfurt,CGN Esports,0.332313413759447,0.667686586240553,0.9996141689189244,0.667686586240553,1.4378003389364673,False
2024/02/17,CGN Esports,MOUZ,MOUZ,MOUZ,0.34596127341516775,0.6540387265848322,0.9999999988349938,0.6540387265848322,1.4678029923591736,True
2023/11/18,CGN Esports,MOUZ,MOUZ,MOUZ,0.34596127341516775,0.6540387265848322,0.9999999988349938,0.6540387265848322,1.4678029923591736,True
2023/10/02,CGN Esports,MOUZ,MOUZ,MOUZ,0.34596127341516775,0.6540387265848322,0.9999999988349938,0.6540387265848322,1.4678029923591736,True
2023/06/10,CGN Esports,MOUZ,MOUZ,CGN Esports,0.34596127341516775,0.6540387265848322,0.9999999988349938,0.6540387265848322,1.4678029923591736,False
2025/04/10,Team Liquid,FUT Esports,FUT Esports,Team Liquid,0.32678932740369565,0.6732106725963044,0.9999997940960696,0.6732106725963044,1.4260023482659059,False
2025/04/02,Team Liquid,BBL Esports,BBL Esports,Team Liquid,0.32147126604749104,0.6785287339525088,0.9999999758208471,0.6785287339525088,1.414825860664571,False
2025/02/24,Team Liquid,G2 Esports,G2 Esports,G2 Esports,0.3292374199400337,0.6707625800599664,0.9999998593405763,0.6707625800599664,1.4312068510353928,True
2025/02/23,Team Liquid,Sentinels,Sentinels,Team Liquid,0.34541536262543676,0.6545846373745633,0.9999998351578654,0.6545846373745633,1.4665788733606855,False
2025/02/09,Team Liquid,Team Vitality,Team Vitality,Team Vitality,0.3751106342664001,0.6248893657335998,0.9999999771031831,0.6248893657335998,1.5362719429110323,True
2025/02/08,Team Liquid,Team Heretics,Team Heretics,Team Liquid,0.3706325052570812,0.6293674947429189,0.999999768410305,0.6293674947429189,1.5253409304084513,False
2025/02/07,Team Liquid,FUT Esports,FUT Esports,Team Liquid,0.32678932740369565,0.6732106725963044,0.9999997940960696,0.6732106725963044,1.4260023482659059,False
2025/01/31,Team Liquid,BBL Esports,BBL Esports,Team Liquid,0.32147126604749104,0.6785287339525088,0.9999999758208471,0.6785287339525088,1.414825860664571,False
2025/01/22,Team Liquid,FUT Esports,FUT Esports,FUT Esports,0.32678932740369565,0.6732106725963044,0.9999997940960696,0.6732106725963044,1.4260023482659059,True
2024/07/10,Team Liquid,FNATIC,FNATIC,FNATIC,0.32322942725086845,0.6767705727491315,0.9999998412981483,0.6767705727491315,1.4185013927250902,True
2024/06/27,Team Liquid,BBL Esports,BBL Esports,BBL Esports,0.32147126604749104,0.6785287339525088,0.9999999758208471,0.6785287339525088,1.414825860664571,True
2024/06/20,Team Liquid,Team Vitality,Team Vitality,Team Vitality,0.3751106342664001,0.6248893657335998,0.9999999771031831,0.6248893657335998,1.5362719429110323,True
2024/05/08,Team Liquid,FNATIC,FNATIC,FNATIC,0.32322942725086845,0.6767705727491315,0.9999998412981483,0.6767705727491315,1.4185013927250902,True
2024/04/24,Team Liquid,Team Heretics,Team Heretics,Team Heretics,0.3706325052570812,0.6293674947429189,0.999999768410305,0.6293674947429189,1.5253409304084513,True
2024/04/05,Team Liquid,FUT Esports,FUT Esports,FUT Esports,0.32678932740369565,0.6732106725963044,0.9999997940960696,0.6732106725963044,1.4260023482659059,True
2023/12/09,Team Liquid,Sentinels,Sentinels,Sentinels,0.34541536262543676,0.6545846373745633,0.9999998351578654,0.6545846373745633,1.4665788733606855,True
2023/06/19,Team Liquid,NRG Esports,NRG Esports,NRG Esports,0.3268203821238632,0.6731796178761367,0.9999998291634711,0.6731796178761367,1.4260681317547517,True
2023/06/18,Team Liquid,Evil Geniuses,Evil Geniuses,Evil Geniuses,0.33242964584912676,0.6675703541508733,0.9999997857467378,0.6675703541508733,1.4380506774017656,True
2025/04/23,BBL Esports,FUT Esports,FUT Esports,BBL Esports,0.3055589461523275,0.6944410538476724,0.9999994997687622,0.6944410538476724,1.382406749544762,False
2025/04/02,BBL Esports,Team Liquid,Team Liquid,Team Liquid,0.34541885711149606,0.6545811428885038,0.999998551542717,0.6545811428885038,1.4665867027023705,True
2025/01/31,BBL Esports,Team Liquid,Team Liquid,Team Liquid,0.34541885711149606,0.6545811428885038,0.999998551542717,0.6545811428885038,1.4665867027023705,True
2025/01/29,BBL Esports,Team Heretics,Team Heretics,Team Heretics,0.318070937909789,0.681929062090211,0.9999985866389807,0.681929062090211,1.4077710620771338,True
2025/01/17,BBL Esports,FNATIC,FNATIC,BBL Esports,0.3264942610902673,0.6735057389097328,0.9999978593309606,0.6735057389097328,1.4253776093341721,False
2024/11/20,BBL Esports,G2 Esports,G2 Esports,G2 Esports,0.3220760925374016,0.6779239074625985,0.9999989905332995,0.6779239074625985,1.4160881323586656,True
2024/10/26,BBL Esports,Eintracht Frankfurt,Eintracht Frankfurt,BBL Esports,0.353288348387198,0.646711651612802,0.9999734556968178,0.646711651612802,1.4844328188705178,False
2024/07/05,BBL Esports,Team Vitality,Team Vitality,Team Vitality,0.3563738080239051,0.6436261919760948,0.999998914511707,0.6436261919760948,1.4915489953144352,True
2024/06/27,BBL Esports,Team Liquid,Team Liquid,BBL Esports,0.34541885711149606,0.6545811428885038,0.999998551542717,0.6545811428885038,1.4665867027023705,False
2024/06/19,BBL Esports,FNATIC,FNATIC,FNATIC,0.3264942610902673,0.6735057389097328,0.9999978593309606,0.6735057389097328,1.4253776093341721,True
2024/05/03,BBL Esports,FUT Esports,FUT Esports,FUT Esports,0.3055589461523275,0.6944410538476724,0.9999994997687622,0.6944410538476724,1.382406749544762,True
2024/04/18,BBL Esports,Team Heretics,Team Heretics,BBL Esports,0.318070937909789,0.681929062090211,0.9999985866389807,0.681929062090211,1.4077710620771338,False
2023/10/29,BBL Esports,FUT Esports,FUT Esports,BBL Esports,0.3055589461523275,0.6944410538476724,0.9999994997687622,0.6944410538476724,1.382406749544762,False
2025/04/23,FUT Esports,BBL Esports,BBL Esports,BBL Esports,0.3400715178882303,0.6599284821117698,0.9999999988319968,0.6599284821117698,1.4547030868072277,True
2025/04/10,FUT Esports,Team Liquid,Team Liquid,Team Liquid,0.3572856116459444,0.6427143883540556,0.9999999983859792,0.6427143883540556,1.4936650204120832,True
2025/02/07,FUT Esports,Team Liquid,Team Liquid,Team Liquid,0.3572856116459444,0.6427143883540556,0.9999999983859792,0.6427143883540556,1.4936650204120832,True
2025/01/31,FUT Esports,FNATIC,FNATIC,FUT Esports,0.3530668283610127,0.6469331716389874,0.9999999990554275,0.6469331716389874,1.4839245258793368,False
2025/01/29,FUT Esports,Team Vitality,Team Vitality,Team Vitality,0.3495348548266418,0.6504651451733583,0.9999999991549959,0.6504651451733583,1.4758669347980915,True
2025/01/22,FUT Esports,Team Liquid,Team Liquid,FUT Esports,0.3572856116459444,0.6427143883540556,0.9999999983859792,0.6427143883540556,1.4936650204120832,False
2024/11/20,FUT Esports,G2 Esports,G2 Esports,FUT Esports,0.33148004494484923,0.6685199550551506,0.9999993941542584,0.6685199550551506,1.4360079945867932,False
2024/10/27,FUT Esports,BBL PCIFIC,BBL PCIFIC,FUT Esports,0.36797855382085526,0.6320214461791448,0.9998328202345874,0.6320214461791448,1.5189357984663872,False
2024/07/17,FUT Esports,Team Heretics,Team Heretics,Team Heretics,0.32483514620406356,0.6751648537959365,0.9999999951681429,0.6751648537959365,1.4218749607635126,True
2024/07/16,FUT Esports,FNATIC,FNATIC,FNATIC,0.3530668283610127,0.6469331716389874,0.9999999990554275,0.6469331716389874,1.4839245258793368,True
2024/06/26,FUT Esports,Team Heretics,Team Heretics,Team Heretics,0.32483514620406356,0.6751648537959365,0.9999999951681429,0.6751648537959365,1.4218749607635126,True
2024/06/03,FUT Esports,Team Heretics,Team Heretics,Team Heretics,0.32483514620406356,0.6751648537959365,0.9999999951681429,0.6751648537959365,1.4218749607635126,True
2024/06/01,FUT Esports,FNATIC,FNATIC,FUT Esports,0.3530668283610127,0.6469331716389874,0.9999999990554275,0.6469331716389874,1.4839245258793368,False
2024/05/30,FUT Esports,100 Thieves,100 Thieves,100 Thieves,0.30013385438040674,0.6998661456195934,0.9999999963052508,0.6998661456195934,1.3716908669015693,True
2024/05/27,FUT Esports,LEVIATÁN,LEVIATÁN,FUT Esports,0.3276175973219336,0.6723824026780664,0.9999999815127545,0.6723824026780664,1.4277589600447107,False
2024/05/11,FUT Esports,FNATIC,FNATIC,FNATIC,0.3530668283610127,0.6469331716389874,0.9999999990554275,0.6469331716389874,1.4839245258793368,True
2024/05/09,FUT Esports,Team Heretics,Team Heretics,Team Heretics,0.32483514620406356,0.6751648537959365,0.9999999951681429,0.6751648537959365,1.4218749607635126,True
2024/05/03,FUT Esports,BBL Esports,BBL Esports,FUT Esports,0.3400715178882303,0.6599284821117698,0.9999999988319968,0.6599284821117698,1.4547030868072277,False
2024/04/25,FUT Esports,FNATIC,FNATIC,FUT Esports,0.3530668283610127,0.6469331716389874,0.9999999990554275,0.6469331716389874,1.4839245258793368,False
2024/04/18,FUT Esports,Team Vitality,Team Vitality,Team Vitality,0.3495348548266418,0.6504651451733583,0.9999999991549959,0.6504651451733583,1.4758669347980915,True
2024/04/05,FUT Esports,Team Liquid,Team Liquid,FUT Esports,0.3572856116459444,0.6427143883540556,0.9999999983859792,0.6427143883540556,1.4936650204120832,False
2024/02/20,FUT Esports,Team Heretics,Team Heretics,Team Heretics,0.32483514620406356,0.6751648537959365,0.9999999951681429,0.6751648537959365,1.4218749607635126,True
2023/12/17,FUT Esports,Team Vitality,Team Vitality,FUT Esports,0.3495348548266418,0.6504651451733583,0.9999999991549959,0.6504651451733583,1.4758669347980915,False
2023/11/02,FUT Esports,100 Thieves,100 Thieves,FUT Esports,0.30013385438040674,0.6998661456195934,0.9999999963052508,0.6998661456195934,1.3716908669015693,False
2023/10/29,FUT Esports,BBL Esports,BBL Esports,BBL Esports,0.3400715178882303,0.6599284821117698,0.9999999988319968,0.6599284821117698,1.4547030868072277,True
2023/10/14,FUT Esports,Team Heretics,Team Heretics,FUT Esports,0.32483514620406356,0.6751648537959365,0.9999999951681429,0.6751648537959365,1.4218749607635126,False
2023/08/18,FUT Esports,FNATIC,FNATIC,FNATIC,0.3530668283610127,0.6469331716389874,0.9999999990554275,0.6469331716389874,1.4839245258793368,True
2023/08/08,FUT Esports,Evil Geniuses,Evil Geniuses,Evil Geniuses,0.32111448847340623,0.6788855115265939,0.9999999921784255,0.6788855115265939,1.4140823212462885,True
2023/06/10,FUT Esports,Evil Geniuses,Evil Geniuses,Evil Geniuses,0.32111448847340623,0.6788855115265939,0.9999999921784255,0.6788855115265939,1.4140823212462885,True
2025/04/13,Eintracht Frankfurt,CGN Esports,CGN Esports,Eintracht Frankfurt,0.3380562101025096,0.6619437898974905,0.9999998788321847,0.6619437898974905,1.45027419948855,False
2025/02/15,Eintracht Frankfurt,CGN Esports,CGN Esports,CGN Esports,0.3380562101025096,0.6619437898974905,0.9999998788321847,0.6619437898974905,1.45027419948855,True
2024/12/15,Eintracht Frankfurt,MOUZ,MOUZ,MOUZ,0.30877732227373245,0.6912226777262676,0.9999904154665273,0.6912226777262676,1.388843322036045,True
2024/12/14,Eintracht Frankfurt,MOUZ,MOUZ,Eintracht Frankfurt,0.30877732227373245,0.6912226777262676,0.9999904154665273,0.6912226777262676,1.388843322036045,False
2024/10/26,Eintracht Frankfurt,BBL Esports,BBL Esports,BBL Esports,0.33670350338379224,0.6632964966162078,0.9999947034611978,0.6632964966162078,1.4473165543575435,True
2024/07/07,Eintracht Frankfurt,MOUZ,MOUZ,MOUZ,0.30877732227373245,0.6912226777262676,0.9999904154665273,0.6912226777262676,1.388843322036045,True
2024/07/06,Eintracht Frankfurt,MOUZ,MOUZ,Eintracht Frankfurt,0.30877732227373245,0.6912226777262676,0.9999904154665273,0.6912226777262676,1.388843322036045,False
2024/07/05,Eintracht Frankfurt,CGN Esports,CGN Esports,CGN Esports,0.3380562101025096,0.6619437898974905,0.9999998788321847,0.6619437898974905,1.45027419948855,True
2024/06/23,Eintracht Frankfurt,MOUZ,MOUZ,Eintracht Frankfurt,0.30877732227373245,0.6912226777262676,0.9999904154665273,0.6912226777262676,1.388843322036045,False
2024/06/11,Eintracht Frankfurt,CGN Esports,CGN Esports,CGN Esports,0.3380562101025096,0.6619437898974905,0.9999998788321847,0.6619437898974905,1.45027419948855,True
2024/03/02,Eintracht Frankfurt,CGN Esports,CGN Esports,CGN Esports,0.3380562101025096,0.6619437898974905,0.9999998788321847,0.6619437898974905,1.45027419948855,True
2024/02/11,Eintracht Frankfurt,MOUZ,MOUZ,MOUZ,0.30877732227373245,0.6912226777262676,0.9999904154665273,0.6912226777262676,1.388843322036045,True
2025/04/27,G2 Esports,100 Thieves,100 Thieves,G2 Esports,0.3125008532200748,0.6874991467799251,0.9999999846115522,0.6874991467799251,1.396365369319222,False
2025/04/26,G2 Esports,Sentinels,Sentinels,Sentinels,0.36044104936119487,0.6395589506388051,0.9999999992802782,0.6395589506388051,1.5010344223016996,True
2025/04/11,G2 Esports,LEVIATÁN,LEVIATÁN,G2 Esports,0.30742450705098834,0.6925754929490117,0.99999082038903,0.6925754929490117,1.3861304793103275,False
2025/04/05,G2 Esports,NRG Esports,NRG Esports,G2 Esports,0.3456933752296206,0.6543066247703795,0.9999999718777133,0.6543066247703795,1.4672020176120022,False
2025/02/27,G2 Esports,Team Vitality,Team Vitality,G2 Esports,0.2984336476235402,0.7015663523764598,0.9999998886073413,0.7015663523764598,1.36836665092066,False
2025/02/24,G2 Esports,Team Liquid,Team Liquid,G2 Esports,0.3026003193338258,0.6973996806661741,0.9999997759891528,0.6973996806661741,1.3765420699404154,False
2025/02/08,G2 Esports,Sentinels,Sentinels,G2 Esports,0.36044104936119487,0.6395589506388051,0.9999999992802782,0.6395589506388051,1.5010344223016996,False
2025/02/06,G2 Esports,Sentinels,Sentinels,G2 Esports,0.36044104936119487,0.6395589506388051,0.9999999992802782,0.6395589506388051,1.5010344223016996,False
2025/01/31,G2 Esports,LEVIATÁN,LEVIATÁN,G2 Esports,0.30742450705098834,0.6925754929490117,0.99999082038903,0.6925754929490117,1.3861304793103275,False
2024/11/22,G2 Esports,FNATIC,FNATIC,G2 Esports,0.32275036028185616,0.6772496397181438,0.9999998318638461,0.6772496397181438,1.4174979855279517,False
2024/11/20,G2 Esports,FUT Esports,FUT Esports,FUT Esports,0.3360129617712648,0.6639870382287353,0.9999999878961479,0.6639870382287353,1.4458113558374792,True
2024/11/20,G2 Esports,BBL Esports,BBL Esports,G2 Esports,0.33771328567775927,0.6622867143222407,0.9999966800728544,0.6622867143222407,1.4495232642291909,False
2024/08/16,G2 Esports,FNATIC,FNATIC,FNATIC,0.32275036028185616,0.6772496397181438,0.9999998318638461,0.6772496397181438,1.4174979855279517,True
2024/08/15,G2 Esports,LEVIATÁN,LEVIATÁN,LEVIATÁN,0.30742450705098834,0.6925754929490117,0.99999082038903,0.6925754929490117,1.3861304793103275,True
2024/07/21,G2 Esports,LEVIATÁN,LEVIATÁN,LEVIATÁN,0.30742450705098834,0.6925754929490117,0.99999082038903,0.6925754929490117,1.3861304793103275,True
2024/07/19,G2 Esports,LEVIATÁN,LEVIATÁN,G2 Esports,0.30742450705098834,0.6925754929490117,0.99999082038903,0.6925754929490117,1.3861304793103275,False
2024/07/18,G2 Esports,100 Thieves,100 Thieves,G2 Esports,0.3125008532200748,0.6874991467799251,0.9999999846115522,0.6874991467799251,1.396365369319222,False
2024/07/14,G2 Esports,Sentinels,Sentinels,G2 Esports,0.36044104936119487,0.6395589506388051,0.9999999992802782,0.6395589506388051,1.5010344223016996,False
2024/07/01,G2 Esports,NRG Esports,NRG Esports,G2 Esports,0.3456933752296206,0.6543066247703795,0.9999999718777133,0.6543066247703795,1.4672020176120022,False
2024/06/08,G2 Esports,Team Heretics,Team Heretics,Team Heretics,0.3251133915347121,0.6748866084652879,0.999999949402234,0.6748866084652879,1.4224611778607792,True
2024/06/02,G2 Esports,Team Heretics,Team Heretics,G2 Esports,0.3251133915347121,0.6748866084652879,0.999999949402234,0.6748866084652879,1.4224611778607792,False
2024/05/25,G2 Esports,Team Heretics,Team Heretics,G2 Esports,0.3251133915347121,0.6748866084652879,0.999999949402234,0.6748866084652879,1.4224611778607792,False
2024/05/12,G2 Esports,100 Thieves,100 Thieves,100 Thieves,0.3125008532200748,0.6874991467799251,0.9999999846115522,0.6874991467799251,1.396365369319222,True
2024/05/11,G2 Esports,LEVIATÁN,LEVIATÁN,G2 Esports,0.30742450705098834,0.6925754929490117,0.99999082038903,0.6925754929490117,1.3861304793103275,False
2024/05/10,G2 Esports,100 Thieves,100 Thieves,100 Thieves,0.3125008532200748,0.6874991467799251,0.9999999846115522,0.6874991467799251,1.396365369319222,True
2024/04/24,G2 Esports,LEVIATÁN,LEVIATÁN,LEVIATÁN,0.30742450705098834,0.6925754929490117,0.99999082038903,0.6925754929490117,1.3861304793103275,True
2024/04/13,G2 Esports,100 Thieves,100 Thieves,100 Thieves,0.3125008532200748,0.6874991467799251,0.9999999846115522,0.6874991467799251,1.396365369319222,True
2024/04/07,G2 Esports,Evil Geniuses,Evil Geniuses,G2 Esports,0.2998637228820015,0.7001362771179985,0.9999999911331061,0.7001362771179985,1.3711616314922144,False
2024/02/26,G2 Esports,Sentinels,Sentinels,G2 Esports,0.36044104936119487,0.6395589506388051,0.9999999992802782,0.6395589506388051,1.5010344223016996,False
2024/02/24,G2 Esports,Evil Geniuses,Evil Geniuses,Evil Geniuses,0.2998637228820015,0.7001362771179985,0.9999999911331061,0.7001362771179985,1.3711616314922144,True
2023/11/01,G2 Esports,Sentinels,Sentinels,Sentinels,0.36044104936119487,0.6395589506388051,0.9999999992802782,0.6395589506388051,1.5010344223016996,True
2023/10/26,G2 Esports,Sentinels,Sentinels,Sentinels,0.36044104936119487,0.6395589506388051,0.9999999992802782,0.6395589506388051,1.5010344223016996,True
2025/04/26,Sentinels,G2 Esports,G2 Esports,Sentinels,0.317146530165795,0.6828534698342049,0.9999671098266845,0.6828534698342049,1.4058653026001104,False
2025/04/04,Sentinels,Evil Geniuses,Evil Geniuses,Sentinels,0.31435327815606773,0.6856467218439324,0.9999999995526498,0.6856467218439324,1.4001379564949137,False
2025/03/23,Sentinels,100 Thieves,100 Thieves,Sentinels,0.28513962628545675,0.7148603737145433,0.9999999991140194,0.7148603737145433,1.342919590033599,False
2025/02/23,Sentinels,Team Liquid,Team Liquid,Team Liquid,0.3237886037219695,0.6762113962780305,0.99999999892674,0.6762113962780305,1.419674387749134,True
2025/02/08,Sentinels,G2 Esports,G2 Esports,G2 Esports,0.317146530165795,0.6828534698342049,0.9999671098266845,0.6828534698342049,1.4058653026001104,True
2025/02/06,Sentinels,G2 Esports,G2 Esports,G2 Esports,0.317146530165795,0.6828534698342049,0.9999671098266845,0.6828534698342049,1.4058653026001104,True
2025/01/18,Sentinels,100 Thieves,100 Thieves,Sentinels,0.28513962628545675,0.7148603737145433,0.9999999991140194,0.7148603737145433,1.342919590033599,False
2024/11/03,Sentinels,NRG Esports,NRG Esports,NRG Esports,0.3123126409373913,0.6876873590626086,0.9999999997315977,0.6876873590626086,1.395983199849104,True
2024/11/03,Sentinels,Evil Geniuses,Evil Geniuses,Sentinels,0.31435327815606773,0.6856467218439324,0.9999999995526498,0.6856467218439324,1.4001379564949137,False
2024/11/02,Sentinels,NRG Esports,NRG Esports,NRG Esports,0.3123126409373913,0.6876873590626086,0.9999999997315977,0.6876873590626086,1.395983199849104,True
2024/11/01,Sentinels,Evil Geniuses,Evil Geniuses,Sentinels,0.31435327815606773,0.6856467218439324,0.9999999995526498,0.6856467218439324,1.4001379564949137,False
2024/08/23,Sentinels,Team Heretics,Team Heretics,Team Heretics,0.32619073044640595,0.673809269553594,0.9999999992529014,0.673809269553594,1.4247355199432183,True
2024/08/18,Sentinels,FNATIC,FNATIC,Sentinels,0.3386046873390537,0.6613953126609464,0.9999999997078625,0.6613953126609464,1.4514768726402032,False
2024/07/17,Sentinels,100 Thieves,100 Thieves,100 Thieves,0.28513962628545675,0.7148603737145433,0.9999999991140194,0.7148603737145433,1.342919590033599,True
2024/07/14,Sentinels,G2 Esports,G2 Esports,G2 Esports,0.317146530165795,0.6828534698342049,0.9999671098266845,0.6828534698342049,1.4058653026001104,True
2024/06/22,Sentinels,NRG Esports,NRG Esports,Sentinels,0.3123126409373913,0.6876873590626086,0.9999999997315977,0.6876873590626086,1.395983199849104,False
2024/04/23,Sentinels,Evil Geniuses,Evil Geniuses,Evil Geniuses,0.31435327815606773,0.6856467218439324,0.9999999995526498,0.6856467218439324,1.4001379564949137,True
2024/04/13,Sentinels,LEVIATÁN,LEVIATÁN,LEVIATÁN,0.32664126462373844,0.6733587353762617,0.9999981211678914,0.6733587353762617,1.425688788998286,True
2024/04/07,Sentinels,100 Thieves,100 Thieves,Sentinels,0.28513962628545675,0.7148603737145433,0.9999999991140194,0.7148603737145433,1.342919590033599,False
2024/03/15,Sentinels,Team Heretics,Team Heretics,Sentinels,0.32619073044640595,0.673809269553594,0.9999999992529014,0.673809269553594,1.4247355199432183,False
2024/03/02,Sentinels,NRG Esports,NRG Esports,Sentinels,0.3123126409373913,0.6876873590626086,0.9999999997315977,0.6876873590626086,1.395983199849104,False
2024/02/26,Sentinels,G2 Esports,G2 Esports,G2 Esports,0.317146530165795,0.6828534698342049,0.9999671098266845,0.6828534698342049,1.4058653026001104,True
2024/02/25,Sentinels,LEVIATÁN,LEVIATÁN,Sentinels,0.32664126462373844,0.6733587353762617,0.9999981211678914,0.6733587353762617,1.425688788998286,False
2024/02/19,Sentinels,100 Thieves,100 Thieves,Sentinels,0.28513962628545675,0.7148603737145433,0.9999999991140194,0.7148603737145433,1.342919590033599,False
2023/12/09,Sentinels,Team Liquid,Team Liquid,Sentinels,0.3237886037219695,0.6762113962780305,0.99999999892674,0.6762113962780305,1.419674387749134,False
2023/11/01,Sentinels,G2 Esports,G2 Esports,Sentinels,0.317146530165795,0.6828534698342049,0.9999671098266845,0.6828534698342049,1.4058653026001104,False
2023/10/26,Sentinels,G2 Esports,G2 Esports,Sentinels,0.317146530165795,0.6828534698342049,0.9999671098266845,0.6828534698342049,1.4058653026001104,False
2023/07/18,Sentinels,LEVIATÁN,LEVIATÁN,LEVIATÁN,0.32664126462373844,0.6733587353762617,0.9999981211678914,0.6733587353762617,1.425688788998286,True
2023/07/16,Sentinels,100 Thieves,100 Thieves,Sentinels,0.28513962628545675,0.7148603737145433,0.9999999991140194,0.7148603737145433,1.342919590033599,False
2025/04/23,ENVY,TSM,TSM,ENVY,0.31614340853655837,0.6838565914634417,0.9999999986345544,0.6838565914634417,1.4038030955373495,False
2025/03/10,ENVY,M80,M80,M80,0.32131506907396834,0.6786849309260317,0.9999628123368893,0.6786849309260317,1.414500243419473,True
2025/04/15,M80,Burger Boyz,Burger Boyz,M80,0.3312470692655997,0.6687529307344003,0.9999109126001713,0.6687529307344003,1.4355077277130772,False
2025/03/17,M80,TSM,TSM,M80,0.3076670572237759,0.6923329427762241,0.9999999995632676,0.6923329427762241,1.386616092757977,False
2025/03/10,M80,ENVY,ENVY,M80,0.29358221627543946,0.7064177837245605,0.9999670500219509,0.7064177837245605,1.3589691852581016,False
2025/02/10,M80,TSM,TSM,TSM,0.3076670572237759,0.6923329427762241,0.9999999995632676,0.6923329427762241,1.386616092757977,True
2024/09/14,M80,TSM,TSM,M80,0.3076670572237759,0.6923329427762241,0.9999999995632676,0.6923329427762241,1.386616092757977,False
2024/07/31,M80,TSM,TSM,M80,0.3076670572237759,0.6923329427762241,0.9999999995632676,0.6923329427762241,1.386616092757977,False
2024/07/22,M80,TSM,TSM,M80,0.3076670572237759,0.6923329427762241,0.9999999995632676,0.6923329427762241,1.386616092757977,False
2024/05/17,M80,TSM,TSM,M80,0.3076670572237759,0.6923329427762241,0.9999999995632676,0.6923329427762241,1.386616092757977,False
2024/03/20,M80,TSM,TSM,M80,0.3076670572237759,0.6923329427762241,0.9999999995632676,0.6923329427762241,1.386616092757977,False
2025/04/23,TSM,ENVY,ENVY,ENVY,0.3214391776525857,0.6785608223474142,0.9999991516444879,0.6785608223474142,1.4147589551058586,True
2025/03/17,TSM,M80,M80,M80,0.30651535276050135,0.6934846472394985,0.9991322287241928,0.6934846472394985,1.3843132704111025,True
2025/02/10,TSM,M80,M80,TSM,0.30651535276050135,0.6934846472394985,0.9991322287241928,0.6934846472394985,1.3843132704111025,False
2024/09/14,TSM,M80,M80,M80,0.30651535276050135,0.6934846472394985,0.9991322287241928,0.6934846472394985,1.3843132704111025,True
2024/07/31,TSM,M80,M80,M80,0.30651535276050135,0.6934846472394985,0.9991322287241928,0.6934846472394985,1.3843132704111025,True
2024/07/22,TSM,M80,M80,M80,0.30651535276050135,0.6934846472394985,0.9991322287241928,0.6934846472394985,1.3843132704111025,True
2024/05/17,TSM,M80,M80,M80,0.30651535276050135,0.6934846472394985,0.9991322287241928,0.6934846472394985,1.3843132704111025,True
2024/03/20,TSM,M80,M80,M80,0.30651535276050135,0.6934846472394985,0.9991322287241928,0.6934846472394985,1.3843132704111025,True
2025/04/04,Evil Geniuses,Sentinels,Sentinels,Sentinels,0.3423796515556581,0.6576203484443419,0.9999999967301845,0.6576203484443419,1.4598088430063993,True
2025/03/29,Evil Geniuses,100 Thieves,100 Thieves,100 Thieves,0.3681827960851471,0.6318172039148529,0.9999999979792833,0.6318172039148529,1.519426812140707,True
2024/11/03,Evil Geniuses,Sentinels,Sentinels,Sentinels,0.3423796515556581,0.6576203484443419,0.9999999967301845,0.6576203484443419,1.4598088430063993,True
2024/11/01,Evil Geniuses,NRG Esports,NRG Esports,NRG Esports,0.33027312278492876,0.6697268772150712,0.9999999984026519,0.6697268772150712,1.4334201488104719,True
2024/11/01,Evil Geniuses,Sentinels,Sentinels,Sentinels,0.3423796515556581,0.6576203484443419,0.9999999967301845,0.6576203484443419,1.4598088430063993,True
2024/07/08,Evil Geniuses,100 Thieves,100 Thieves,100 Thieves,0.3681827960851471,0.6318172039148529,0.9999999979792833,0.6318172039148529,1.519426812140707,True
2024/07/02,Evil Geniuses,LEVIATÁN,LEVIATÁN,LEVIATÁN,0.3032834736616861,0.6967165263383138,0.9999999764853751,0.6967165263383138,1.3778918164111986,True
2024/04/28,Evil Geniuses,NRG Esports,NRG Esports,Evil Geniuses,0.33027312278492876,0.6697268772150712,0.9999999984026519,0.6697268772150712,1.4334201488104719,False
2024/04/23,Evil Geniuses,Sentinels,Sentinels,Evil Geniuses,0.3423796515556581,0.6576203484443419,0.9999999967301845,0.6576203484443419,1.4598088430063993,False
2024/04/07,Evil Geniuses,G2 Esports,G2 Esports,G2 Esports,0.32784043008331215,0.6721595699166878,0.9999993505186922,0.6721595699166878,1.4282322873406224,True
2024/02/24,Evil Geniuses,G2 Esports,G2 Esports,Evil Geniuses,0.32784043008331215,0.6721595699166878,0.9999993505186922,0.6721595699166878,1.4282322873406224,False
2023/08/08,Evil Geniuses,FUT Esports,FUT Esports,Evil Geniuses,0.30911682858856077,0.6908831714114393,0.9999999971600069,0.6908831714114393,1.38952581235807,False
2023/06/24,Evil Geniuses,FNATIC,FNATIC,FNATIC,0.32719317327858655,0.6728068267214135,0.9999999996308782,0.6728068267214135,1.4268582925623368,True
2023/06/20,Evil Geniuses,FNATIC,FNATIC,FNATIC,0.32719317327858655,0.6728068267214135,0.9999999996308782,0.6728068267214135,1.4268582925623368,True
2023/06/18,Evil Geniuses,Team Liquid,Team Liquid,Evil Geniuses,0.3366018437270918,0.6633981562729082,0.9999999995160546,0.6633981562729082,1.4470947664272313,False
2023/06/10,Evil Geniuses,FUT Esports,FUT Esports,Evil Geniuses,0.30911682858856077,0.6908831714114393,0.9999999971600069,0.6908831714114393,1.38952581235807,False
2025/04/27,100 Thieves,G2 Esports,G2 Esports,G2 Esports,0.33843448876193916,0.6615655112380607,0.9999994551305917,0.6615655112380607,1.4511034564112113,True
2025/04/25,100 Thieves,NRG Esports,NRG Esports,100 Thieves,0.36385757410846387,0.6361424258915361,0.9999999492928708,0.6361424258915361,1.5090960151802268,False
2025/03/29,100 Thieves,Evil Geniuses,Evil Geniuses,100 Thieves,0.32918335975331636,0.6708166402466837,0.9999999074037262,0.6708166402466837,1.4310915120515986,False
2025/03/23,100 Thieves,Sentinels,Sentinels,Sentinels,0.32434816705601666,0.6756518329439835,0.9999999239511226,0.6756518329439835,1.4208501378839462,True
2025/01/24,100 Thieves,NRG Esports,NRG Esports,NRG Esports,0.36385757410846387,0.6361424258915361,0.9999999492928708,0.6361424258915361,1.5090960151802268,True
2025/01/18,100 Thieves,Sentinels,Sentinels,Sentinels,0.32434816705601666,0.6756518329439835,0.9999999239511226,0.6756518329439835,1.4208501378839462,True
2024/07/18,100 Thieves,G2 Esports,G2 Esports,G2 Esports,0.33843448876193916,0.6615655112380607,0.9999994551305917,0.6615655112380607,1.4511034564112113,True
2024/07/17,100 Thieves,Sentinels,Sentinels,100 Thieves,0.32434816705601666,0.6756518329439835,0.9999999239511226,0.6756518329439835,1.4208501378839462,False
2024/07/08,100 Thieves,Evil Geniuses,Evil Geniuses,100 Thieves,0.32918335975331636,0.6708166402466837,0.9999999074037262,0.6708166402466837,1.4310915120515986,False
2024/06/30,100 Thieves,LEVIATÁN,LEVIATÁN,LEVIATÁN,0.3497647122483326,0.6502352877516674,0.9999999741720718,0.6502352877516674,1.4763886520514948,True
2024/06/07,100 Thieves,Team Heretics,Team Heretics,Team Heretics,0.3081321536795994,0.6918678463204005,0.9999999243173647,0.6918678463204005,1.3875482219698771,True
2024/05/30,100 Thieves,FUT Esports,FUT Esports,100 Thieves,0.32236851990292836,0.6776314800970716,0.9999999171228424,0.6776314800970716,1.4166992357888666,False
2024/05/12,100 Thieves,G2 Esports,G2 Esports,100 Thieves,0.33843448876193916,0.6615655112380607,0.9999994551305917,0.6615655112380607,1.4511034564112113,False
2024/05/10,100 Thieves,G2 Esports,G2 Esports,100 Thieves,0.33843448876193916,0.6615655112380607,0.9999994551305917,0.6615655112380607,1.4511034564112113,False
2024/05/09,100 Thieves,LEVIATÁN,LEVIATÁN,100 Thieves,0.3497647122483326,0.6502352877516674,0.9999999741720718,0.6502352877516674,1.4763886520514948,False
2024/05/04,100 Thieves,NRG Esports,NRG Esports,100 Thieves,0.36385757410846387,0.6361424258915361,0.9999999492928708,0.6361424258915361,1.5090960151802268,False
2024/04/13,100 Thieves,G2 Esports,G2 Esports,100 Thieves,0.33843448876193916,0.6615655112380607,0.9999994551305917,0.6615655112380607,1.4511034564112113,False
2024/04/07,100 Thieves,Sentinels,Sentinels,Sentinels,0.32434816705601666,0.6756518329439835,0.9999999239511226,0.6756518329439835,1.4208501378839462,True
2024/02/19,100 Thieves,Sentinels,Sentinels,Sentinels,0.32434816705601666,0.6756518329439835,0.9999999239511226,0.6756518329439835,1.4208501378839462,True
2024/02/17,100 Thieves,LEVIATÁN,LEVIATÁN,LEVIATÁN,0.3497647122483326,0.6502352877516674,0.9999999741720718,0.6502352877516674,1.4763886520514948,True
2023/11/02,100 Thieves,FUT Esports,FUT Esports,FUT Esports,0.32236851990292836,0.6776314800970716,0.9999999171228424,0.6776314800970716,1.4166992357888666,True
2023/07/16,100 Thieves,Sentinels,Sentinels,Sentinels,0.32434816705601666,0.6756518329439835,0.9999999239511226,0.6756518329439835,1.4208501378839462,True
2025/04/20,LEVIATÁN,NRG Esports,NRG Esports,NRG Esports,0.32048119885639204,0.679518801143608,0.999999452144948,0.679518801143608,1.4127644421086676,True
2025/04/11,LEVIATÁN,G2 Esports,G2 Esports,G2 Esports,0.2934772795034965,0.7065227204965034,0.9999507018183067,0.7065227204965034,1.3587673434272112,True
2025/01/31,LEVIATÁN,G2 Esports,G2 Esports,G2 Esports,0.2934772795034965,0.7065227204965034,0.9999507018183067,0.7065227204965034,1.3587673434272112,True
2024/12/15,LEVIATÁN,FNATIC,FNATIC,LEVIATÁN,0.3076672104123132,0.6923327895876867,0.9999972437678935,0.6923327895876867,1.386616399566631,False
2024/08/24,LEVIATÁN,Team Heretics,Team Heretics,Team Heretics,0.2920723317274519,0.707927668272548,0.9999986383006672,0.707927668272548,1.356070744264802,True
2024/08/17,LEVIATÁN,Team Heretics,Team Heretics,LEVIATÁN,0.2920723317274519,0.707927668272548,0.9999986383006672,0.707927668272548,1.356070744264802,False
2024/08/15,LEVIATÁN,G2 Esports,G2 Esports,LEVIATÁN,0.2934772795034965,0.7065227204965034,0.9999507018183067,0.7065227204965034,1.3587673434272112,False
2024/08/11,LEVIATÁN,Team Vitality,Team Vitality,LEVIATÁN,0.3478907230985059,0.6521092769014941,0.9999982517093713,0.6521092769014941,1.4721459025417531,False
2024/07/21,LEVIATÁN,G2 Esports,G2 Esports,LEVIATÁN,0.2934772795034965,0.7065227204965034,0.9999507018183067,0.7065227204965034,1.3587673434272112,False
2024/07/19,LEVIATÁN,G2 Esports,G2 Esports,G2 Esports,0.2934772795034965,0.7065227204965034,0.9999507018183067,0.7065227204965034,1.3587673434272112,True
2024/07/02,LEVIATÁN,Evil Geniuses,Evil Geniuses,LEVIATÁN,0.3112463592964915,0.6887536407035085,0.9999997467171795,0.6887536407035085,1.3938220334043308,False
2024/06/30,LEVIATÁN,100 Thieves,100 Thieves,LEVIATÁN,0.33869127276470606,0.661308727235294,0.9999995004252469,0.661308727235294,1.4516669151085186,False
2024/05/27,LEVIATÁN,FUT Esports,FUT Esports,FUT Esports,0.3115925006921607,0.6884074993078393,0.9999996834037006,0.6884074993078393,1.3945228675824042,True
2024/05/11,LEVIATÁN,G2 Esports,G2 Esports,G2 Esports,0.2934772795034965,0.7065227204965034,0.9999507018183067,0.7065227204965034,1.3587673434272112,True
2024/05/09,LEVIATÁN,100 Thieves,100 Thieves,100 Thieves,0.33869127276470606,0.661308727235294,0.9999995004252469,0.661308727235294,1.4516669151085186,True
2024/04/24,LEVIATÁN,G2 Esports,G2 Esports,LEVIATÁN,0.2934772795034965,0.7065227204965034,0.9999507018183067,0.7065227204965034,1.3587673434272112,False
2024/04/21,LEVIATÁN,NRG Esports,NRG Esports,LEVIATÁN,0.32048119885639204,0.679518801143608,0.999999452144948,0.679518801143608,1.4127644421086676,False
2024/04/13,LEVIATÁN,Sentinels,Sentinels,LEVIATÁN,0.3112239159361795,0.6887760840638204,0.999999968888563,0.6887760840638204,1.3937766165397936,False
2024/02/25,LEVIATÁN,Sentinels,Sentinels,Sentinels,0.3112239159361795,0.6887760840638204,0.999999968888563,0.6887760840638204,1.3937766165397936,True
2024/02/17,LEVIATÁN,100 Thieves,100 Thieves,LEVIATÁN,0.33869127276470606,0.661308727235294,0.9999995004252469,0.661308727235294,1.4516669151085186,False
2023/07/18,LEVIATÁN,Sentinels,Sentinels,LEVIATÁN,0.3112239159361795,0.6887760840638204,0.999999968888563,0.6887760840638204,1.3937766165397936,False
2025/04/25,NRG Esports,100 Thieves,100 Thieves,100 Thieves,0.35540518321837444,0.6445948167816256,0.9999999892657749,0.6445948167816256,1.4893076627471964,True
2025/04/20,NRG Esports,LEVIATÁN,LEVIATÁN,NRG Esports,0.3059001239837556,0.6940998760162443,0.9999999823212846,0.6940998760162443,1.383086257715356,False
2025/04/05,NRG Esports,G2 Esports,G2 Esports,G2 Esports,0.2698057114195413,0.7301942885804588,0.9999992687713757,0.7301942885804588,1.3147185824560434,True
2025/01/24,NRG Esports,100 Thieves,100 Thieves,NRG Esports,0.35540518321837444,0.6445948167816256,0.9999999892657749,0.6445948167816256,1.4893076627471964,False
2024/11/03,NRG Esports,Sentinels,Sentinels,NRG Esports,0.34959795441363395,0.650402045586366,0.9999999806182487,0.650402045586366,1.4760101179179375,False
2024/11/02,NRG Esports,Sentinels,Sentinels,NRG Esports,0.34959795441363395,0.650402045586366,0.9999999806182487,0.650402045586366,1.4760101179179375,False
2024/11/01,NRG Esports,Evil Geniuses,Evil Geniuses,NRG Esports,0.3074510913450013,0.6925489086549987,0.9999999792993712,0.6925489086549987,1.3861836875382836,False
2024/07/01,NRG Esports,G2 Esports,G2 Esports,G2 Esports,0.2698057114195413,0.7301942885804588,0.9999992687713757,0.7301942885804588,1.3147185824560434,True
2024/06/22,NRG Esports,Sentinels,Sentinels,Sentinels,0.34959795441363395,0.650402045586366,0.9999999806182487,0.650402045586366,1.4760101179179375,True
2024/05/04,NRG Esports,100 Thieves,100 Thieves,100 Thieves,0.35540518321837444,0.6445948167816256,0.9999999892657749,0.6445948167816256,1.4893076627471964,True
2024/04/28,NRG Esports,Evil Geniuses,Evil Geniuses,Evil Geniuses,0.3074510913450013,0.6925489086549987,0.9999999792993712,0.6925489086549987,1.3861836875382836,True
2024/04/21,NRG Esports,LEVIATÁN,LEVIATÁN,LEVIATÁN,0.3059001239837556,0.6940998760162443,0.9999999823212846,0.6940998760162443,1.383086257715356,True
2024/03/02,NRG Esports,Sentinels,Sentinels,Sentinels,0.34959795441363395,0.650402045586366,0.9999999806182487,0.650402045586366,1.4760101179179375,True
2023/06/19,NRG Esports,Team Liquid,Team Liquid,NRG Esports,0.3470784523228827,0.6529215476771173,0.9999999909753479,0.6529215476771173,1.4703144710346412,False
2023/06/16,NRG Esports,FNATIC,FNATIC,FNATIC,0.34753861816976145,0.6524613818302386,0.9999999948675886,0.6524613818302386,1.4713514496552667,True
2025/04/15,Burger Boyz,M80,M80,M80,0.31840920186278043,0.6815907981372196,0.9999563019846391,0.6815907981372196,1.4084697191095739,True
